[
    {
        "model": "api.user",
        "pk": 0,
        "fields": {
            "password": "pbkdf2_sha256$100000$G8Khv6sC1pSn$oVV6Ktk5k3vcxtrzxm/THh9cTjeCjyYxVyW2BZ+cBVM=",
            "last_login": null,
            "is_superuser": true,
            "email": "noon@gmail.com",
            "is_staff": true,
            "is_active": true,
            "type": 0,
            "groups": [],
            "user_permissions": []
        }
    },
    {
        "model": "api.user",
        "pk": 1,
        "fields": {
            "password": "pbkdf2_sha256$100000$Cs3Cj61Ex7g0$lc00dxUfzr99rUhI0RXT5vaoDa9FFs9AZVt3unjYRqY=",
            "email": "aaa@gmail.com",
            "type": 1
        }
    },
    {
        "model": "api.buyerDetail",
        "pk": 1,
        "fields": {
            "user_id": 1,
            "ready_to_buy": true,
            "name": "patron1",
            "address": "東京都杉並区どこそこ１−２ー３",
            "phone_number": "08012345678",
            "credit_number": "1111222233334444",
            "credit_name": "YAMADA YAMADA"
        }
    },

    {
        "model": "api.user",
        "pk": 2,
        "fields": {
            "password": "pbkdf2_sha256$100000$Cs3Cj61Ex7g0$lc00dxUfzr99rUhI0RXT5vaoDa9FFs9AZVt3unjYRqY=",
            "email": "bbb@gmail.com",
            "type": 1
        }
    },
    {
        "model": "api.buyerDetail",
        "pk": 2,
        "fields": {
            "user_id": 2,
            "ready_to_buy": false,
            "name": "patron2",
            "address": "",
            "phone_number": "08012345678",
            "credit_number": "1111222233334444",
            "credit_name": ""
        }
    },

    {
        "model": "api.user",
        "pk": 3,
        "fields": {
            "password": "pbkdf2_sha256$100000$Cs3Cj61Ex7g0$lc00dxUfzr99rUhI0RXT5vaoDa9FFs9AZVt3unjYRqY=",
            "email": "ccc@gmail.com",
            "type": 1
        }
    },
    {
        "model": "api.buyerDetail",
        "pk": 3,
        "fields": {
            "user_id": 3,
            "ready_to_buy": true,
            "name": "patron3",
            "address": "東京都杉並区どこそこ１−２ー３",
            "phone_number": "08012345678",
            "credit_number": "1111222233334444",
            "credit_name": "YAMADA YAMADA"
        }
    },

    {
        "model": "api.user",
        "pk": 4,
        "fields": {
            "password": "pbkdf2_sha256$100000$Cs3Cj61Ex7g0$lc00dxUfzr99rUhI0RXT5vaoDa9FFs9AZVt3unjYRqY=",
            "email": "ddd@gmail.com"
        }
    },
    {
        "model": "api.artistDetail",
        "pk": 1,
        "fields": {
            "user_id": 4,
            "debuted": true,
            "ready_to_sell": true,
            "approved": 0,
            "ticket": 0,
            "artist_name": "ddd",
            "website": "sample.com",
            "birthday": "1990-12-07",
            "sex": 1,
            "place": "東京",
            "genre": 2,
            "profile": "アーティストです。",
            "icon": "http://bijo.gen-zo.com/sample/images/binan/light01_after.jpg",
            "account": "新生銀行",
            "account_branch": "400",
            "account_name": "ヤマダタロウ",
            "account_number": "898411"
        }
    },
    {
        "model": "api.artistDetail",
        "pk": 2,
        "fields": {
            "user_id": 5,
            "debuted": true,
            "ready_to_sell": true,
            "approved": 0,
            "ticket": 0,
            "artist_name": "eee",
            "website": "sample.com",
            "birthday": "1990-12-07",
            "sex": 1,
            "place": "東京",
            "genre": 2,
            "profile": "アーティストです。",
            "icon": "http://bijo.gen-zo.com/sample/images/binan/light01_after.jpg",
            "account": "新生銀行",
            "account_branch": "400",
            "account_name": "ヤマダタロウ2",
            "account_number": "898411"
        }
    },

    {
        "model": "api.user",
        "pk": 5,
        "fields": {
            "password": "pbkdf2_sha256$100000$Cs3Cj61Ex7g0$lc00dxUfzr99rUhI0RXT5vaoDa9FFs9AZVt3unjYRqY=",
            "email": "eee@gmail.com"
        }
    },
    {
        "model": "api.user",
        "pk": 6,
        "fields": {
            "password": "pbkdf2_sha256$100000$Cs3Cj61Ex7g0$lc00dxUfzr99rUhI0RXT5vaoDa9FFs9AZVt3unjYRqY=",
            "email": "fff@gmail.com"
        }
    },


    {
        "model": "api.genre",
        "pk": 0,
        "fields": {
            "name": "絵画"
        }
    },
    {
        "model": "api.subgenre",
        "pk": 0,
        "fields": {
            "genre": 0,
            "name": "油絵"
        }
    },
    {
        "model": "api.subgenre",
        "pk": 1,
        "fields": {
            "genre": 0,
            "name": "水彩画"
        }
    },
    {
        "model": "api.subgenre",
        "pk": 2,
        "fields": {
            "genre": 0,
            "name": "印象派"
        }
    },
    {
        "model": "api.subgenre",
        "pk": 3,
        "fields": {
            "genre": 0,
            "name": "抽象"
        }
    },


    {
        "model": "api.genre",
        "pk": 1,
        "fields": {
            "name": "写真"
        }
    },
    {
        "model": "api.subgenre",
        "pk": 4,
        "fields": {
            "genre": 1,
            "name": "ストリート"
        }
    },
    {
        "model": "api.subgenre",
        "pk": 5,
        "fields": {
            "genre": 0,
            "name": "風景"
        }
    },
    {
        "model": "api.subgenre",
        "pk": 6,
        "fields": {
            "genre": 0,
            "name": "ポートレート"
        }
    },

    {
        "model": "api.genre",
        "pk": 2,
        "fields": {
            "name": "その他"
        }
    },


    {
        "model": "api.color",
        "pk": 0,
        "fields": {
            "name": "白",
            "color_code": "ffffff"
        }
    },
    {
        "model": "api.color",
        "pk": 1,
        "fields": {
            "name": "黒",
            "color_code": "000000"
        }
    },
    {
        "model": "api.color",
        "pk": 2,
        "fields": {
            "name": "灰色",
            "color_code": "f5f5f5"
        }
    },

    {
        "model": "api.size",
        "pk": 0,
        "fields": {
            "size": "大きい"
        }
    },
    {
        "model": "api.size",
        "pk": 1,
        "fields": {
            "size": "卓上"
        }
    },
    {
        "model": "api.size",
        "pk": 2,
        "fields": {
            "size": "手のひら"
        }
    },

    {
        "model": "api.sex",
        "pk": 0,
        "fields": {
            "sex": "男"
        }
    },
    {
        "model": "api.sex",
        "pk": 1,
        "fields": {
            "sex": "女"
        }
    },
    {
        "model": "api.sex",
        "pk": 2,
        "fields": {
            "sex": "その他"
        }
    },


    {
        "model": "api.work",
        "pk": 1,
        "fields": {
            "name": "Work1",
            "caption": "test work 1. this is test work 1",
            "price": 20000,
            "size": 1,
            "color": 2,
            "genre": 0,
            "subgenre": 3,
            "artist": 4
        }
    },
    {
        "model": "api.image",
        "pk": 1,
        "fields": {
            "work": 1,
            "order": 1,
            "url": "https://www.therovingschool.com.au/wp-content/uploads/2018/10/abstract-art-artistic-935785.jpg"
        }
    },
    {
        "model": "api.image",
        "pk": 2,
        "fields": {
            "work": 1,
            "order": 2,
            "url": "https://via.placeholder.com/468x300?text=1"
        }
    },
    {
        "model": "api.image",
        "pk": 3,
        "fields": {
            "work": 1,
            "order": 3,
            "url": "https://via.placeholder.com/468x300?text=2"
        }
    },
    {
        "model": "api.image",
        "pk": 4,
        "fields": {
            "work": 1,
            "order": 4,
            "url": "https://via.placeholder.com/468x300?text=3"
        }
    },


    {
        "model": "api.work",
        "pk": 2,
        "fields": {
            "name": "Work2",
            "caption": "test work 2. this is test work 2",
            "price": 560000,
            "size": 0,
            "color": 1,
            "genre": 0,
            "subgenre": 3,
            "artist": 5
        }
    },
    {
        "model": "api.image",
        "pk": 11,
        "fields": {
            "work": 2,
            "order": 1,
            "url": "https://www.telegraph.co.uk/content/dam/luxury/2018/10/23/Lot-33-Papa-Ibra-Tall-The-Warrior-2_trans_NvBQzQNjv4BqodNcBcGl77MFNsXA9PO2XJYCQ1SCH6wXj7qdqY9PoCo.jpg?imwidth=450"
        }
    },
    {
        "model": "api.image",
        "pk": 12,
        "fields": {
            "work": 2,
            "order": 2,
            "url": "https://via.placeholder.com/468x300?text=1"
        }
    },
    {
        "model": "api.image",
        "pk": 13,
        "fields": {
            "work": 2,
            "order": 3,
            "url": "https://via.placeholder.com/468x300?text=2"
        }
    },
    {
        "model": "api.image",
        "pk": 14,
        "fields": {
            "work": 2,
            "order": 4,
            "url": "https://via.placeholder.com/468x300?text=3"
        }
    },


    {
        "model": "api.work",
        "pk": 3,
        "fields": {
            "name": "Work3",
            "caption": "test work 3. this is test work 3",
            "price": 57000,
            "size": 2,
            "color": 0,
            "genre": 0,
            "subgenre": 3,
            "artist": 4
        }
    },
    {
        "model": "api.image",
        "pk": 21,
        "fields": {
            "work": 3,
            "order": 1,
            "url": "https://www.moma.org/d/assets/W1siZiIsIjIwMTUvMTAvMjEvaWJ3dmJmanIyX3N0YXJyeW5pZ2h0LmpwZyJdLFsicCIsImNvbnZlcnQiLCItcmVzaXplIDIwMDB4MjAwMFx1MDAzZSJdXQ/starrynight.jpg?sha=161d3d1fb5eb4b23"
        }
    },
    {
        "model": "api.image",
        "pk": 22,
        "fields": {
            "work": 3,
            "order": 2,
            "url": "https://via.placeholder.com/468x300?text=1"
        }
    },
    {
        "model": "api.image",
        "pk": 23,
        "fields": {
            "work": 3,
            "order": 3,
            "url": "https://via.placeholder.com/468x300?text=2"
        }
    },
    {
        "model": "api.image",
        "pk": 24,
        "fields": {
            "work": 3,
            "order": 4,
            "url": "https://via.placeholder.com/468x300?text=3"
        }
    },


    {
        "model": "api.message",
        "pk": 1,
        "fields": {
            "work": 1,
            "sender": 1,
            "receiver": 4,
            "body": "購入しました。発送お願いします。"
        }
    }

]
